URL, LastMod
https://www.volvocars.com/hr, 2017-12-21
https://www.volvocars.com/hr/accessories, 2019-02-21
https://www.volvocars.com/hr/accessories/basket, 2019-02-21
https://www.volvocars.com/hr/accessories/conditionsofuse, 2019-02-21
https://www.volvocars.com/hr/accessories/contact-us, 2019-02-21
https://www.volvocars.com/hr/accessories/faq, 2019-02-21
https://www.volvocars.com/hr/accessories/generalerror, 2019-02-21
https://www.volvocars.com/hr/accessories/paymentcancelled, 2019-02-21
https://www.volvocars.com/hr/accessories/paymenterror, 2019-02-21
https://www.volvocars.com/hr/accessories/paymenttimeout, 2019-02-21
https://www.volvocars.com/hr/accessories/sitesetting, 2019-02-21
https://www.volvocars.com/hr/accessories-offer, 2017-12-21
https://www.volvocars.com/hr/accessories-offer/choose-your-car, 2017-12-21
https://www.volvocars.com/hr/accessories-offer/choose-your-car/s60, 2017-12-21
https://www.volvocars.com/hr/accessories-offer/choose-your-car/s60cc, 2017-12-21
https://www.volvocars.com/hr/accessories-offer/choose-your-car/s90, 2017-12-21
https://www.volvocars.com/hr/accessories-offer/choose-your-car/v40, 2017-12-21
https://www.volvocars.com/hr/accessories-offer/choose-your-car/v40cc, 2017-12-21
https://www.volvocars.com/hr/accessories-offer/choose-your-car/v60, 2017-12-21
https://www.volvocars.com/hr/accessories-offer/choose-your-car/v60cc, 2017-12-21
https://www.volvocars.com/hr/accessories-offer/choose-your-car/v90, 2017-12-21
https://www.volvocars.com/hr/accessories-offer/choose-your-car/v90cc, 2017-12-21
https://www.volvocars.com/hr/accessories-offer/choose-your-car/xc60, 2017-12-21
https://www.volvocars.com/hr/accessories-offer/choose-your-car/xc90, 2017-12-21
https://www.volvocars.com/hr/beatplasticpollution, 2018-06-04
https://www.volvocars.com/hr/beatplasticpollution/10-nacina-borbe-protiv-oneciscenja, 2018-06-11
https://www.volvocars.com/hr/beatplasticpollution/adriatic-plastic-challenge, 2018-06-04
https://www.volvocars.com/hr/beatplasticpollution/clean-seas, 2018-06-04
https://www.volvocars.com/hr/beatplasticpollution/deadly-facts, 2018-06-04
https://www.volvocars.com/hr/beatplasticpollution/dogadaji-i-susreti, 2018-06-07
https://www.volvocars.com/hr/car-configurator, 2019-03-21
https://www.volvocars.com/hr/cestitamo, 2018-07-16
https://www.volvocars.com/hr/customsearch, 2018-07-05
https://www.volvocars.com/hr/diplomatic-sales, 2017-12-21
https://www.volvocars.com/hr/e-novosti, 2019-02-14
https://www.volvocars.com/hr/find-a-dealer-redirect, 2017-12-21
https://www.volvocars.com/hr/freedom-to-move, 2019-04-18
https://www.volvocars.com/hr/katalog, 2019-02-14
https://www.volvocars.com/hr/kupnja, 2017-12-21
https://www.volvocars.com/hr/kupnja/dizajn-i-kupnja, 2017-12-21
https://www.volvocars.com/hr/kupnja/dizajn-i-kupnja/akcijska-ponuda, 2017-12-21
https://www.volvocars.com/hr/kupnja/dizajn-i-kupnja/akcijska-ponuda, 2017-12-21
https://www.volvocars.com/hr/kupnja/dizajn-i-kupnja/akcijska-ponuda/serija-40, 2017-12-21
https://www.volvocars.com/hr/kupnja/dizajn-i-kupnja/akcijska-ponuda/serija-60, 2017-12-21
https://www.volvocars.com/hr/kupnja/dizajn-i-kupnja/akcijska-ponuda/serija-90, 2018-01-29
https://www.volvocars.com/hr/kupnja/dizajn-i-kupnja/akcijska-ponuda/vozila-xc, 2018-07-30
https://www.volvocars.com/hr/kupnja/dizajn-i-kupnja/car-configurator, 2019-03-21
https://www.volvocars.com/hr/kupnja/dizajn-i-kupnja/diplomat-sales-redirect, 2019-05-09
https://www.volvocars.com/hr/kupnja/dizajn-i-kupnja/konfigurator, 2017-12-21
https://www.volvocars.com/hr/kupnja/dizajn-i-kupnja/pronadjite-ovlastenog-zastupnika, 2017-12-21
https://www.volvocars.com/hr/kupnja/dizajn-i-kupnja/rezervirajte-termin-za-probnu-voznju, 2017-12-21
https://www.volvocars.com/hr/kupnja/dizajn-i-kupnja/volvo-car-financiranje, 2017-12-21
https://www.volvocars.com/hr/kupnja/dizajn-i-kupnja/zatrazite-katalog, 2017-12-21
https://www.volvocars.com/hr/kupnja/prodajna-ponuda, 2017-12-21
https://www.volvocars.com/hr/kupnja/prodajna-ponuda/find-a-dealer-redirect, 2017-12-21
https://www.volvocars.com/hr/kupnja/prodajna-ponuda/test-drive-redirect, 2017-12-21
https://www.volvocars.com/hr/kupnja/prodajna-ponuda/volvo-car-produljeno-jamstvo, 2018-12-17
https://www.volvocars.com/hr/kupnja/prodajna-ponuda/volvo-car-produljeno-jamstvo/sto-nudi-jamstvo, 2018-12-17
https://www.volvocars.com/hr/kupnja/prodajna-ponuda/volvo-car-produljeno-jamstvo/uvjeti-i-iznimke, 2018-12-17
https://www.volvocars.com/hr/kupnja/prodajna-ponuda/volvo-car-produljeno-jamstvo/zastita-osobnih-podataka, 2018-12-17
https://www.volvocars.com/hr/kupnja/research, 2018-12-17
https://www.volvocars.com/hr/kupnja/research/advanced-warranty-redirect, 2018-12-17
https://www.volvocars.com/hr/maintenancepage, 2019-03-07
https://www.volvocars.com/hr/my-volvo, 2017-12-21
https://www.volvocars.com/hr/oprema, 2018-11-07
https://www.volvocars.com/hr/o-volvu, 2017-12-21
https://www.volvocars.com/hr/o-volvu/nasa-tvrtka, 2017-12-21
https://www.volvocars.com/hr/o-volvu/nasa-tvrtka/iskusite-volvo-cars, 2017-12-21
https://www.volvocars.com/hr/o-volvu/nasa-tvrtka/iskusite-volvo-cars/posjetite-volvo-cars, 2017-12-21
https://www.volvocars.com/hr/o-volvu/nasa-tvrtka/karijere, 2017-12-21
https://www.volvocars.com/hr/o-volvu/nasa-tvrtka/karijere/podrucja-poslovanja, 2017-12-21
https://www.volvocars.com/hr/o-volvu/nasa-tvrtka/karijere/studenti-i-pripravnici, 2017-12-21
https://www.volvocars.com/hr/o-volvu/nasa-tvrtka/legendarna-volvo-sigurnost, 2018-07-05
https://www.volvocars.com/hr/o-volvu/nasa-tvrtka/media-i-press, 2017-12-21
https://www.volvocars.com/hr/o-volvu/nasa-tvrtka/nasljedje, 2017-12-21
https://www.volvocars.com/hr/o-volvu/nasa-tvrtka/nasljedje/inovacije, 2017-12-21
https://www.volvocars.com/hr/o-volvu/nasa-tvrtka/nasljedje/modeli-nasljedja, 2017-12-21
https://www.volvocars.com/hr/o-volvu/nasa-tvrtka/nasljedje/modeli-nasljedja/0-ov4, 2017-12-21
https://www.volvocars.com/hr/o-volvu/nasa-tvrtka/nasljedje/modeli-nasljedja/10-pv444, 2017-12-21
https://www.volvocars.com/hr/o-volvu/nasa-tvrtka/nasljedje/modeli-nasljedja/11-pv831-4, 2017-12-21
https://www.volvocars.com/hr/o-volvu/nasa-tvrtka/nasljedje/modeli-nasljedja/12-pv445-pv445-duett, 2017-12-21
https://www.volvocars.com/hr/o-volvu/nasa-tvrtka/nasljedje/modeli-nasljedja/13-caravan-trailer, 2017-12-21
https://www.volvocars.com/hr/o-volvu/nasa-tvrtka/nasljedje/modeli-nasljedja/14-sport-p1900, 2017-12-21
https://www.volvocars.com/hr/o-volvu/nasa-tvrtka/nasljedje/modeli-nasljedja/15-pv544, 2017-12-21
https://www.volvocars.com/hr/o-volvu/nasa-tvrtka/nasljedje/modeli-nasljedja/16-p1200-p120-amazon, 2017-12-21
https://www.volvocars.com/hr/o-volvu/nasa-tvrtka/nasljedje/modeli-nasljedja/17-p210-duett, 2017-12-21
https://www.volvocars.com/hr/o-volvu/nasa-tvrtka/nasljedje/modeli-nasljedja/18-p130-amazon-2-d, 2017-12-21
https://www.volvocars.com/hr/o-volvu/nasa-tvrtka/nasljedje/modeli-nasljedja/19-p1800-1800, 2017-12-21
https://www.volvocars.com/hr/o-volvu/nasa-tvrtka/nasljedje/modeli-nasljedja/1-pv4, 2017-12-21
https://www.volvocars.com/hr/o-volvu/nasa-tvrtka/nasljedje/modeli-nasljedja/20-p220-amazon-estate, 2017-12-21
https://www.volvocars.com/hr/o-volvu/nasa-tvrtka/nasljedje/modeli-nasljedja/21-144, 2017-12-21
https://www.volvocars.com/hr/o-volvu/nasa-tvrtka/nasljedje/modeli-nasljedja/22-142, 2017-12-21
https://www.volvocars.com/hr/o-volvu/nasa-tvrtka/nasljedje/modeli-nasljedja/23-145, 2017-12-21
https://www.volvocars.com/hr/o-volvu/nasa-tvrtka/nasljedje/modeli-nasljedja/24-164, 2017-12-21
https://www.volvocars.com/hr/o-volvu/nasa-tvrtka/nasljedje/modeli-nasljedja/25-1800es, 2017-12-21
https://www.volvocars.com/hr/o-volvu/nasa-tvrtka/nasljedje/modeli-nasljedja/26-242, 2017-12-21
https://www.volvocars.com/hr/o-volvu/nasa-tvrtka/nasljedje/modeli-nasljedja/27-244, 2017-12-21
https://www.volvocars.com/hr/o-volvu/nasa-tvrtka/nasljedje/modeli-nasljedja/28-245, 2017-12-21
https://www.volvocars.com/hr/o-volvu/nasa-tvrtka/nasljedje/modeli-nasljedja/29-262, 2017-12-21
https://www.volvocars.com/hr/o-volvu/nasa-tvrtka/nasljedje/modeli-nasljedja/2-pv651, 2017-12-21
https://www.volvocars.com/hr/o-volvu/nasa-tvrtka/nasljedje/modeli-nasljedja/30-262c, 2017-12-21
https://www.volvocars.com/hr/o-volvu/nasa-tvrtka/nasljedje/modeli-nasljedja/31-264, 2017-12-21
https://www.volvocars.com/hr/o-volvu/nasa-tvrtka/nasljedje/modeli-nasljedja/32-265, 2017-12-21
https://www.volvocars.com/hr/o-volvu/nasa-tvrtka/nasljedje/modeli-nasljedja/33-240, 2017-12-21
https://www.volvocars.com/hr/o-volvu/nasa-tvrtka/nasljedje/modeli-nasljedja/34-260, 2017-12-21
https://www.volvocars.com/hr/o-volvu/nasa-tvrtka/nasljedje/modeli-nasljedja/35-66, 2017-12-21
https://www.volvocars.com/hr/o-volvu/nasa-tvrtka/nasljedje/modeli-nasljedja/36-343, 2017-12-21
https://www.volvocars.com/hr/o-volvu/nasa-tvrtka/nasljedje/modeli-nasljedja/37-345, 2017-12-21
https://www.volvocars.com/hr/o-volvu/nasa-tvrtka/nasljedje/modeli-nasljedja/38-360-3-d, 2017-12-21
https://www.volvocars.com/hr/o-volvu/nasa-tvrtka/nasljedje/modeli-nasljedja/39-360-sedan, 2017-12-21
https://www.volvocars.com/hr/o-volvu/nasa-tvrtka/nasljedje/modeli-nasljedja/3-tr671-9, 2017-12-21
https://www.volvocars.com/hr/o-volvu/nasa-tvrtka/nasljedje/modeli-nasljedja/40-360-5-d, 2017-12-21
https://www.volvocars.com/hr/o-volvu/nasa-tvrtka/nasljedje/modeli-nasljedja/41-760-sedan, 2017-12-21
https://www.volvocars.com/hr/o-volvu/nasa-tvrtka/nasljedje/modeli-nasljedja/42-760-estate, 2017-12-21
https://www.volvocars.com/hr/o-volvu/nasa-tvrtka/nasljedje/modeli-nasljedja/43-740-sedan, 2017-12-21
https://www.volvocars.com/hr/o-volvu/nasa-tvrtka/nasljedje/modeli-nasljedja/44-740-estate, 2017-12-21
https://www.volvocars.com/hr/o-volvu/nasa-tvrtka/nasljedje/modeli-nasljedja/45-780, 2017-12-21
https://www.volvocars.com/hr/o-volvu/nasa-tvrtka/nasljedje/modeli-nasljedja/46-480, 2017-12-21
https://www.volvocars.com/hr/o-volvu/nasa-tvrtka/nasljedje/modeli-nasljedja/47-440, 2017-12-21
https://www.volvocars.com/hr/o-volvu/nasa-tvrtka/nasljedje/modeli-nasljedja/48-460, 2017-12-21
https://www.volvocars.com/hr/o-volvu/nasa-tvrtka/nasljedje/modeli-nasljedja/49-940-sedan, 2017-12-21
https://www.volvocars.com/hr/o-volvu/nasa-tvrtka/nasljedje/modeli-nasljedja/4-pv653-9, 2017-12-21
https://www.volvocars.com/hr/o-volvu/nasa-tvrtka/nasljedje/modeli-nasljedja/50-940-estate, 2017-12-21
https://www.volvocars.com/hr/o-volvu/nasa-tvrtka/nasljedje/modeli-nasljedja/51-960-sedan, 2017-12-21
https://www.volvocars.com/hr/o-volvu/nasa-tvrtka/nasljedje/modeli-nasljedja/52-960-estate, 2017-12-21
https://www.volvocars.com/hr/o-volvu/nasa-tvrtka/nasljedje/modeli-nasljedja/53-v90, 2017-12-21
https://www.volvocars.com/hr/o-volvu/nasa-tvrtka/nasljedje/modeli-nasljedja/54-s90, 2017-12-21
https://www.volvocars.com/hr/o-volvu/nasa-tvrtka/nasljedje/modeli-nasljedja/55-850-sedan, 2017-12-21
https://www.volvocars.com/hr/o-volvu/nasa-tvrtka/nasljedje/modeli-nasljedja/56-s70, 2017-12-21
https://www.volvocars.com/hr/o-volvu/nasa-tvrtka/nasljedje/modeli-nasljedja/57-850-estate, 2017-12-21
https://www.volvocars.com/hr/o-volvu/nasa-tvrtka/nasljedje/modeli-nasljedja/58-v70-v70xc-classic, 2017-12-21
https://www.volvocars.com/hr/o-volvu/nasa-tvrtka/nasljedje/modeli-nasljedja/59-s40, 2017-12-21
https://www.volvocars.com/hr/o-volvu/nasa-tvrtka/nasljedje/modeli-nasljedja/5-tr701-4, 2017-12-21
https://www.volvocars.com/hr/o-volvu/nasa-tvrtka/nasljedje/modeli-nasljedja/60-v40, 2017-12-21
https://www.volvocars.com/hr/o-volvu/nasa-tvrtka/nasljedje/modeli-nasljedja/61-c70-coupe, 2017-12-21
https://www.volvocars.com/hr/o-volvu/nasa-tvrtka/nasljedje/modeli-nasljedja/62-c70-cabriolet-convertible, 2017-12-21
https://www.volvocars.com/hr/o-volvu/nasa-tvrtka/nasljedje/modeli-nasljedja/67-s40, 2017-12-21
https://www.volvocars.com/hr/o-volvu/nasa-tvrtka/nasljedje/modeli-nasljedja/68-v50, 2017-12-21
https://www.volvocars.com/hr/o-volvu/nasa-tvrtka/nasljedje/modeli-nasljedja/6-pv36-carioca, 2017-12-21
https://www.volvocars.com/hr/o-volvu/nasa-tvrtka/nasljedje/modeli-nasljedja/7-pv51-7, 2017-12-21
https://www.volvocars.com/hr/o-volvu/nasa-tvrtka/nasljedje/modeli-nasljedja/8-pv801-10, 2017-12-21
https://www.volvocars.com/hr/o-volvu/nasa-tvrtka/nasljedje/modeli-nasljedja/9-pv60-1, 2017-12-21
https://www.volvocars.com/hr/o-volvu/nasa-tvrtka/news, 2018-02-26
https://www.volvocars.com/hr/o-volvu/nasa-tvrtka/nobel-media-partnerstvo, 2018-12-13
https://www.volvocars.com/hr/o-volvu/nasa-tvrtka/nobel-media-partnerstvo_old, 2019-03-14
https://www.volvocars.com/hr/o-volvu/nase-price, 2017-12-21
https://www.volvocars.com/hr/o-volvu/nase-price/adriatic-plastic-challenge, 2018-07-05
https://www.volvocars.com/hr/o-volvu/nase-price/autonomous-driving, 2017-12-21
https://www.volvocars.com/hr/o-volvu/nase-price/autonomous-driving/blog, 2017-12-21
https://www.volvocars.com/hr/o-volvu/nase-price/autonomous-driving/c26, 2017-12-21
https://www.volvocars.com/hr/o-volvu/nase-price/autonomous-driving/drive-me, 2017-12-21
https://www.volvocars.com/hr/o-volvu/nase-price/autonomous-driving/feed, 2017-12-21
https://www.volvocars.com/hr/o-volvu/nase-price/autonomous-driving/how-it-works, 2017-12-21
https://www.volvocars.com/hr/o-volvu/nase-price/hololens, 2017-12-21
https://www.volvocars.com/hr/o-volvu/nase-price/vision-2020, 2017-12-21
https://www.volvocars.com/hr/o-volvu/nase-price/volvo-magazin, 2018-06-11
https://www.volvocars.com/hr/o-volvu/nase-price/volvo-ocean-race, 2017-12-21
https://www.volvocars.com/hr/o-volvu/nase-price/volvo-ocean-race-2017, 2017-12-21
https://www.volvocars.com/hr/servis, 2019-02-14
https://www.volvocars.com/hr/servis-i-dodatna-oprema, 2018-06-11
https://www.volvocars.com/hr/servis-i-dodatna-oprema/child-safety, 2018-06-11
https://www.volvocars.com/hr/servis-i-dodatna-oprema/child-safety/child-seats, 2018-06-11
https://www.volvocars.com/hr/servis-i-dodatna-oprema/child-safety/child-seats/child-seat-configurator, 2018-06-11
https://www.volvocars.com/hr/servis-i-dodatna-oprema/child-safety/child-seats/tested-for-life, 2018-06-11
https://www.volvocars.com/hr/servis-i-dodatna-oprema/child-safety/child-seats/the-child-seats, 2018-06-11
https://www.volvocars.com/hr/servis-i-dodatna-oprema/dodatna-oprema, 2018-06-11
https://www.volvocars.com/hr/servis-i-dodatna-oprema/dodatna-oprema/dječja-sjedalica, 2018-06-11
https://www.volvocars.com/hr/servis-i-dodatna-oprema/dodatna-oprema/dodatna-oprema, 2018-06-11
https://www.volvocars.com/hr/servis-i-dodatna-oprema/dodatna-oprema/mobile-manuals, 2018-06-11
https://www.volvocars.com/hr/servis-i-dodatna-oprema/dodatna-oprema/service-booking-redirect, 2018-06-11
https://www.volvocars.com/hr/servis-i-dodatna-oprema/dodatna-oprema/smartphone-integration, 2018-06-11
https://www.volvocars.com/hr/servis-i-dodatna-oprema/dodatna-oprema/smartphone-integration/android-auto, 2018-06-11
https://www.volvocars.com/hr/servis-i-dodatna-oprema/dodatna-oprema/smartphone-integration/apple-carplay, 2018-06-11
https://www.volvocars.com/hr/servis-i-dodatna-oprema/dodatna-oprema/support, 2018-06-11
https://www.volvocars.com/hr/servis-i-dodatna-oprema/dodatna-oprema/support-redirect, 2018-06-11
https://www.volvocars.com/hr/servis-i-dodatna-oprema/dodatna-oprema/volvo-on-call, 2018-06-11
https://www.volvocars.com/hr/servis-i-dodatna-oprema/odrzavanje, 2018-06-11
https://www.volvocars.com/hr/servis-i-dodatna-oprema/odrzavanje/classic-service, 2018-06-11
https://www.volvocars.com/hr/servis-i-dodatna-oprema/odrzavanje/dodatna-oprema-i-kolekcija, 2018-06-11
https://www.volvocars.com/hr/servis-i-dodatna-oprema/odrzavanje/dodatna-oprema-i-kolekcija/dječja-sjedalica, 2018-06-11
https://www.volvocars.com/hr/servis-i-dodatna-oprema/odrzavanje/dodatna-oprema-i-kolekcija/originalna-dodatna-oprema, 2018-06-11
https://www.volvocars.com/hr/servis-i-dodatna-oprema/odrzavanje/ljetna-akcijska-ponuda, 2018-06-11
https://www.volvocars.com/hr/servis-i-dodatna-oprema/odrzavanje/ljetna-akcijska-ponuda/dodatna-oprema, 2018-06-11
https://www.volvocars.com/hr/servis-i-dodatna-oprema/odrzavanje/ljetna-akcijska-ponuda/servisna-ponuda, 2018-06-11
https://www.volvocars.com/hr/servis-i-dodatna-oprema/odrzavanje/servis, 2019-02-14
https://www.volvocars.com/hr/servis-i-dodatna-oprema/odrzavanje/servis-i-popravak/our-way, 2018-06-11
https://www.volvocars.com/hr/servis-i-dodatna-oprema/posjedujte-i-uzivajte, 2018-06-11
https://www.volvocars.com/hr/servis-i-dodatna-oprema/posjedujte-i-uzivajte/mobilni-prirucnici, 2018-06-11
https://www.volvocars.com/hr/servis-i-dodatna-oprema/posjedujte-i-uzivajte/podrska, 2018-06-11
https://www.volvocars.com/hr/servis-i-dodatna-oprema/publikacije, 2018-06-11
https://www.volvocars.com/hr/servis-i-dodatna-oprema/publikacije/mobile-manuals-redirect, 2018-06-11
https://www.volvocars.com/hr/servis-i-dodatna-oprema/publikacije/volvo-magazin, 2018-06-11
https://www.volvocars.com/hr/servis-i-dodatna-oprema/service-and-maintenance, 2018-06-11
https://www.volvocars.com/hr/servis-i-dodatna-oprema/service-and-maintenance/service-and-repair, 2018-06-11
https://www.volvocars.com/hr/servis-i-dodatna-oprema/service-and-maintenance/service-and-repair/classic-service, 2018-06-11
https://www.volvocars.com/hr/servis-i-dodatna-oprema/service-and-maintenance/service-and-repair/our-way, 2018-06-11
https://www.volvocars.com/hr/servis-i-dodatna-oprema/servis-i-odrzavanje, 2018-06-11
https://www.volvocars.com/hr/servis-i-dodatna-oprema/servis-i-odrzavanje/accessories-redirect, 2018-06-11
https://www.volvocars.com/hr/servis-i-dodatna-oprema/servis-i-odrzavanje/carplay, 2018-06-11
https://www.volvocars.com/hr/servis-i-dodatna-oprema/servis-i-odrzavanje/child-seats-redirect, 2018-06-11
https://www.volvocars.com/hr/servis-i-dodatna-oprema/servis-i-odrzavanje/eu-emission-tests, 2018-11-19
https://www.volvocars.com/hr/servis-i-dodatna-oprema/servis-i-odrzavanje/eu-emission-tests/fuel-saving-tips, 2018-11-19
https://www.volvocars.com/hr/servis-i-dodatna-oprema/servis-i-odrzavanje/eu-emission-tests/wltp-vs-nedc, 2018-11-19
https://www.volvocars.com/hr/servis-i-dodatna-oprema/servis-i-odrzavanje/mobile-manuals-redirect, 2018-06-11
https://www.volvocars.com/hr/servis-i-dodatna-oprema/servis-i-odrzavanje/service-and-repair-redirect, 2018-06-11
https://www.volvocars.com/hr/servis-i-dodatna-oprema/servis-i-odrzavanje/service-booking-redirect, 2018-06-11
https://www.volvocars.com/hr/servis-i-dodatna-oprema/uzivajte, 2018-06-11
https://www.volvocars.com/hr/servis-i-dodatna-oprema/uzivajte/alati-i-podrska, 2018-06-11
https://www.volvocars.com/hr/servis-i-dodatna-oprema/uzivajte/volvo-svijet, 2018-06-11
https://www.volvocars.com/hr/support, 2018-07-05
https://www.volvocars.com/hr/support/cars, 2018-07-05
https://www.volvocars.com/hr/support/contact-us, 2018-07-05
https://www.volvocars.com/hr/support/downloads, 2018-07-05
https://www.volvocars.com/hr/support/downloads/download-details, 2018-07-05
https://www.volvocars.com/hr/support/downloads/gracenote, 2018-07-05
https://www.volvocars.com/hr/support/downloads/gracenote/about-gracenote, 2018-07-05
https://www.volvocars.com/hr/support/downloads/gracenote/update-gracenote, 2018-07-05
https://www.volvocars.com/hr/support/downloads/manuals, 2018-07-05
https://www.volvocars.com/hr/support/downloads/manuals/owner-manuals, 2018-07-05
https://www.volvocars.com/hr/support/downloads/maps, 2018-07-05
https://www.volvocars.com/hr/support/downloads/maps/about-mapcare, 2018-07-05
https://www.volvocars.com/hr/support/downloads/maps/download-maps, 2018-07-05
https://www.volvocars.com/hr/support/downloads/mobile-apps, 2018-07-05
https://www.volvocars.com/hr/support/downloads/mobile-apps/volvo-manual, 2018-07-05
https://www.volvocars.com/hr/support/downloads/mobile-apps/volvo-on-call, 2018-07-05
https://www.volvocars.com/hr/support/downloads/voice-control, 2018-07-05
https://www.volvocars.com/hr/support/downloads/voice-control/about-voice-control, 2018-07-05
https://www.volvocars.com/hr/support/downloads/voice-control/update-voice-control, 2018-07-05
https://www.volvocars.com/hr/support/topics, 2018-07-05
https://www.volvocars.com/hr/support/topics/accounts-and-login, 2018-07-05
https://www.volvocars.com/hr/support/topics/car-systems, 2018-07-05
https://www.volvocars.com/hr/support/topics/connectivity, 2018-07-05
https://www.volvocars.com/hr/support/topics/incar-apps, 2018-07-05
https://www.volvocars.com/hr/support/topics/legal-documents, 2018-07-05
https://www.volvocars.com/hr/support/topics/maintenance-and-service, 2018-07-05
https://www.volvocars.com/hr/support/topics/maps-and-navigation, 2018-07-05
https://www.volvocars.com/hr/support/topics/use-your-car, 2018-07-05
https://www.volvocars.com/hr/support/topics/voice-recognition, 2018-07-05
https://www.volvocars.com/hr/support/topics/volvo-on-call, 2018-07-05
https://www.volvocars.com/hr/test-voznja, 2018-12-20
https://www.volvocars.com/hr/to_je_volvo, 2018-03-01
https://www.volvocars.com/hr/volvo-svijet, 2018-07-05
https://www.volvocars.com/hr/volvo-svijet/dizajniran-kroz-inovaciju, 2018-07-05
https://www.volvocars.com/hr/volvo-svijet/dizajniran-za-svaki-trenutak, 2018-07-05
https://www.volvocars.com/hr/volvo-svijet/dizajniran-za-zivot, 2018-07-05
https://www.volvocars.com/hr/volvo-svijet/doveden-do-krajnjih-granica, 2018-07-05
https://www.volvocars.com/hr/volvo-svijet/elektricne-performanse, 2018-07-05
https://www.volvocars.com/hr/volvo-svijet/izrada-savrsene-voznje, 2018-07-05
https://www.volvocars.com/hr/volvo-svijet/najbitniji-je-entuzijazam, 2018-07-05
https://www.volvocars.com/hr/volvo-svijet/ocean-izdrzljivosti, 2018-07-05
https://www.volvocars.com/hr/volvo-svijet/snaga-iza-dizajna, 2018-07-05
https://www.volvocars.com/hr/volvo-svijet/snaga-za-svaki-trenutak, 2018-07-05
https://www.volvocars.com/hr/volvo-svijet/stories-by-topic, 2018-07-05
https://www.volvocars.com/hr/volvo-svijet/u-vozacevom-sjedalu, 2018-07-05
https://www.volvocars.com/hr/volvo-svijet/voznja-s-osjecajem, 2018-07-05
https://www.volvocars.com/hr/volvo-svijet/xc90-predstavlja-grad-buducnosti, 2019-03-11
https://www.volvocars.com/hr/volvo-svijet/xc90-predstavlja-odrzive-materijale, 2019-03-11
https://www.volvocars.com/hr/volvo-svijet/xc90-predstavlja-odrzivi-dizajn, 2019-03-11
https://www.volvocars.com/hr/volvo-svijet/xc90-predstavlja-svedsku-dizajnericu, 2019-03-11
https://www.volvocars.com/hr/volvo-svijet/xc90-predstavlja-umjetnost-ljudske-tehnologije, 2019-03-11
https://www.volvocars.com/hr/volvo-svijet/zajednicki-duh, 2018-07-05
https://www.volvocars.com/hr/vozila/brochureandpricelist, 2017-12-21
https://www.volvocars.com/hr/vozila/brochureandpricelist/ebrochurenovixc40, 2017-12-21
https://www.volvocars.com/hr/vozila/brochureandpricelist/ebrochurenovixc60, 2017-12-21
https://www.volvocars.com/hr/vozila/brochureandpricelist/ebrochures60, 2017-12-21
https://www.volvocars.com/hr/vozila/brochureandpricelist/ebrochures90, 2017-12-21
https://www.volvocars.com/hr/vozila/brochureandpricelist/ebrochurev40, 2017-12-21
https://www.volvocars.com/hr/vozila/brochureandpricelist/ebrochurev40cc, 2018-12-10
https://www.volvocars.com/hr/vozila/brochureandpricelist/ebrochurev60, 2017-12-21
https://www.volvocars.com/hr/vozila/brochureandpricelist/ebrochurev60cc, 2018-12-10
https://www.volvocars.com/hr/vozila/brochureandpricelist/ebrochurev90, 2017-12-21
https://www.volvocars.com/hr/vozila/brochureandpricelist/ebrochurev90cc, 2018-12-10
https://www.volvocars.com/hr/vozila/brochureandpricelist/ebrochurexc90, 2017-12-21
https://www.volvocars.com/hr/vozila/electric-cars, 2018-08-09
https://www.volvocars.com/hr/vozila/electric-cars/plug-in-hibridi, 2018-08-09
https://www.volvocars.com/hr/vozila/flotna-prodaja, 2017-12-21
https://www.volvocars.com/hr/vozila/flotna-prodaja/business-driver, 2017-12-21
https://www.volvocars.com/hr/vozila/flotna-prodaja/fleet-manager, 2017-12-21
https://www.volvocars.com/hr/vozila/flotna-prodaja/fleet-model-lineup, 2017-12-21
https://www.volvocars.com/hr/vozila/flotna-prodaja/meet-the-team, 2017-12-21
https://www.volvocars.com/hr/vozila/konceptna-vozila, 2017-12-21
https://www.volvocars.com/hr/vozila/konceptna-vozila/360c, 2018-10-10
https://www.volvocars.com/hr/vozila/konceptna-vozila/koncept-coupe, 2017-12-21
https://www.volvocars.com/hr/vozila/konceptna-vozila/koncept-estate, 2017-12-21
https://www.volvocars.com/hr/vozila/konceptna-vozila/koncept-xc-coupe, 2017-12-21
https://www.volvocars.com/hr/vozila/novi-modeli, 2017-12-21
https://www.volvocars.com/hr/vozila/novi-modeli/novi-volvo-xc60, 2018-10-26
https://www.volvocars.com/hr/vozila/novi-modeli/novi-volvo-xc60/akcijska-ponuda, 2018-10-26
https://www.volvocars.com/hr/vozila/novi-modeli/novi-volvo-xc60/cjenik, 2018-10-26
https://www.volvocars.com/hr/vozila/novi-modeli/novi-volvo-xc60/dodaci, 2018-10-26
https://www.volvocars.com/hr/vozila/novi-modeli/novi-volvo-xc60/izvedbe, 2018-10-26
https://www.volvocars.com/hr/vozila/novi-modeli/novi-volvo-xc60/izvedbe/inscription, 2018-10-26
https://www.volvocars.com/hr/vozila/novi-modeli/novi-volvo-xc60/izvedbe/momentum, 2018-11-12
https://www.volvocars.com/hr/vozila/novi-modeli/novi-volvo-xc60/izvedbe/r-design, 2018-10-26
https://www.volvocars.com/hr/vozila/novi-modeli/novi-volvo-xc60/katalog, 2018-10-26
https://www.volvocars.com/hr/vozila/novi-modeli/novi-volvo-xc60/specification, 2018-10-26
https://www.volvocars.com/hr/vozila/novi-modeli/novi-volvo-xc60/stories, 2018-10-26
https://www.volvocars.com/hr/vozila/novi-modeli/novi-volvo-xc60/stories/audio, 2018-10-26
https://www.volvocars.com/hr/vozila/novi-modeli/novi-volvo-xc60/stories/cleanzone, 2018-10-26
https://www.volvocars.com/hr/vozila/novi-modeli/novi-volvo-xc60/stories/dynamic-driving, 2018-10-26
https://www.volvocars.com/hr/vozila/novi-modeli/novi-volvo-xc60/stories/empowered-driving, 2019-01-31
https://www.volvocars.com/hr/vozila/novi-modeli/novi-volvo-xc60/stories/intuitive-user-experience, 2018-10-26
https://www.volvocars.com/hr/vozila/novi-modeli/novi-volvo-xc60/stories/personalisation, 2018-10-26
https://www.volvocars.com/hr/vozila/novi-modeli/novi-volvo-xc60/stories/powered-tailgate, 2018-10-26
https://www.volvocars.com/hr/vozila/novi-modeli/novi-volvo-xc60/stories/power-without-compromise, 2018-10-26
https://www.volvocars.com/hr/vozila/novi-modeli/novi-volvo-xc60/stories/scandinavian-design-philosophy, 2018-10-26
https://www.volvocars.com/hr/vozila/novi-modeli/novi-volvo-xc60/stories/tech-that-seamlessly-assists, 2018-10-26
https://www.volvocars.com/hr/vozila/novi-modeli/novi-volvo-xc60/test-voznja, 2018-12-20
https://www.volvocars.com/hr/vozila/novi-modeli/s60, 2018-06-21
https://www.volvocars.com/hr/vozila/novi-modeli/s60/dodaci, 2018-06-21
https://www.volvocars.com/hr/vozila/novi-modeli/s60/izvedbe, 2018-06-21
https://www.volvocars.com/hr/vozila/novi-modeli/s60/izvedbe/inscription, 2018-06-21
https://www.volvocars.com/hr/vozila/novi-modeli/s60/izvedbe/momentum, 2018-06-21
https://www.volvocars.com/hr/vozila/novi-modeli/s60/izvedbe/polestar, 2018-06-21
https://www.volvocars.com/hr/vozila/novi-modeli/s60/izvedbe/r-design, 2018-06-21
https://www.volvocars.com/hr/vozila/novi-modeli/s90, 2018-10-26
https://www.volvocars.com/hr/vozila/novi-modeli/s90/akcijska-ponuda, 2018-10-26
https://www.volvocars.com/hr/vozila/novi-modeli/s90/cjenik, 2018-10-26
https://www.volvocars.com/hr/vozila/novi-modeli/s90/dodaci, 2018-10-26
https://www.volvocars.com/hr/vozila/novi-modeli/s90/izvedbe, 2018-10-26
https://www.volvocars.com/hr/vozila/novi-modeli/s90/izvedbe/excellence, 2018-10-26
https://www.volvocars.com/hr/vozila/novi-modeli/s90/izvedbe/inscription, 2018-10-26
https://www.volvocars.com/hr/vozila/novi-modeli/s90/izvedbe/momentum, 2018-11-12
https://www.volvocars.com/hr/vozila/novi-modeli/s90/izvedbe/r-design, 2018-10-26
https://www.volvocars.com/hr/vozila/novi-modeli/s90/katalog, 2018-10-26
https://www.volvocars.com/hr/vozila/novi-modeli/s90/specifikacije, 2018-10-26
https://www.volvocars.com/hr/vozila/novi-modeli/s90/test-voznja, 2018-12-20
https://www.volvocars.com/hr/vozila/novi-modeli/v40, 2018-10-26
https://www.volvocars.com/hr/vozila/novi-modeli/v40/akcijska-ponuda, 2018-10-26
https://www.volvocars.com/hr/vozila/novi-modeli/v40/cjenik, 2018-10-26
https://www.volvocars.com/hr/vozila/novi-modeli/v40/dodaci, 2018-10-26
https://www.volvocars.com/hr/vozila/novi-modeli/v40/izvedbe, 2018-10-26
https://www.volvocars.com/hr/vozila/novi-modeli/v40/izvedbe/cross-country, 2018-10-26
https://www.volvocars.com/hr/vozila/novi-modeli/v40/izvedbe/inscription, 2018-10-26
https://www.volvocars.com/hr/vozila/novi-modeli/v40/izvedbe/momentum, 2018-11-12
https://www.volvocars.com/hr/vozila/novi-modeli/v40/izvedbe/r-design, 2018-10-26
https://www.volvocars.com/hr/vozila/novi-modeli/v40/katalog, 2018-10-26
https://www.volvocars.com/hr/vozila/novi-modeli/v40/reviews, 2018-10-26
https://www.volvocars.com/hr/vozila/novi-modeli/v40/reviews/ask-an-owner, 2018-10-26
https://www.volvocars.com/hr/vozila/novi-modeli/v40/specifikacije, 2018-10-26
https://www.volvocars.com/hr/vozila/novi-modeli/v60, 2018-02-15
https://www.volvocars.com/hr/vozila/novi-modeli/v60/accessories, 2018-02-22
https://www.volvocars.com/hr/vozila/novi-modeli/v60/cjenik, 2018-07-12
https://www.volvocars.com/hr/vozila/novi-modeli/v60/izvedbe, 2018-03-28
https://www.volvocars.com/hr/vozila/novi-modeli/v60/izvedbe/cross-country, 2018-10-10
https://www.volvocars.com/hr/vozila/novi-modeli/v60/izvedbe/inscription, 2018-03-28
https://www.volvocars.com/hr/vozila/novi-modeli/v60/izvedbe/momentum, 2018-03-28
https://www.volvocars.com/hr/vozila/novi-modeli/v60/izvedbe/r-design, 2018-08-09
https://www.volvocars.com/hr/vozila/novi-modeli/v60/katalog, 2018-07-12
https://www.volvocars.com/hr/vozila/novi-modeli/v60/specifikacije, 2018-07-26
https://www.volvocars.com/hr/vozila/novi-modeli/v60/test-voznja, 2018-12-20
https://www.volvocars.com/hr/vozila/novi-modeli/v90, 2018-10-26
https://www.volvocars.com/hr/vozila/novi-modeli/v90/accessories, 2018-10-26
https://www.volvocars.com/hr/vozila/novi-modeli/v90/akcijska-ponuda, 2018-10-26
https://www.volvocars.com/hr/vozila/novi-modeli/v90/cjenik, 2018-10-26
https://www.volvocars.com/hr/vozila/novi-modeli/v90/izvedbe, 2018-10-26
https://www.volvocars.com/hr/vozila/novi-modeli/v90/izvedbe/cross-country, 2018-10-26
https://www.volvocars.com/hr/vozila/novi-modeli/v90/izvedbe/cross-country-vor, 2018-11-12
https://www.volvocars.com/hr/vozila/novi-modeli/v90/izvedbe/inscription, 2018-10-26
https://www.volvocars.com/hr/vozila/novi-modeli/v90/izvedbe/momentum, 2018-11-12
https://www.volvocars.com/hr/vozila/novi-modeli/v90/izvedbe/r-design, 2018-10-26
https://www.volvocars.com/hr/vozila/novi-modeli/v90/katalog, 2018-10-26
https://www.volvocars.com/hr/vozila/novi-modeli/v90/made-by-sweden, 2018-10-26
https://www.volvocars.com/hr/vozila/novi-modeli/v90/specifikacije, 2018-10-26
https://www.volvocars.com/hr/vozila/novi-modeli/v90/the-get-away-car, 2018-10-26
https://www.volvocars.com/hr/vozila/novi-modeli/xc40, 2018-10-26
https://www.volvocars.com/hr/vozila/novi-modeli/xc40/akcijska-ponuda, 2018-10-26
https://www.volvocars.com/hr/vozila/novi-modeli/xc40/cjenik, 2018-10-26
https://www.volvocars.com/hr/vozila/novi-modeli/xc40/dodaci, 2018-10-26
https://www.volvocars.com/hr/vozila/novi-modeli/xc40/izvedbe, 2018-10-26
https://www.volvocars.com/hr/vozila/novi-modeli/xc40/izvedbe/inscription, 2018-10-26
https://www.volvocars.com/hr/vozila/novi-modeli/xc40/izvedbe/momentum, 2018-11-12
https://www.volvocars.com/hr/vozila/novi-modeli/xc40/izvedbe/r-design, 2018-10-26
https://www.volvocars.com/hr/vozila/novi-modeli/xc40/katalog, 2018-10-26
https://www.volvocars.com/hr/vozila/novi-modeli/xc40/specifikacije, 2018-10-26
https://www.volvocars.com/hr/vozila/novi-modeli/xc40/test-voznja, 2018-12-20
https://www.volvocars.com/hr/vozila/novi-modeli/xc90, 2019-02-25
https://www.volvocars.com/hr/vozila/novi-modeli/xc90/akcijska-ponuda, 2019-02-25
https://www.volvocars.com/hr/vozila/novi-modeli/xc90/cjenik, 2019-02-25
https://www.volvocars.com/hr/vozila/novi-modeli/xc90/dodaci, 2019-02-25
https://www.volvocars.com/hr/vozila/novi-modeli/xc90/izvedbe, 2019-02-25
https://www.volvocars.com/hr/vozila/novi-modeli/xc90/izvedbe/excellence, 2019-02-25
https://www.volvocars.com/hr/vozila/novi-modeli/xc90/izvedbe/inscription, 2019-02-25
https://www.volvocars.com/hr/vozila/novi-modeli/xc90/izvedbe/momentum, 2019-02-25
https://www.volvocars.com/hr/vozila/novi-modeli/xc90/izvedbe/r-design, 2019-02-25
https://www.volvocars.com/hr/vozila/novi-modeli/xc90/katalog, 2019-02-25
https://www.volvocars.com/hr/vozila/novi-modeli/xc90/specifikacije, 2019-05-09
https://www.volvocars.com/hr/vozila/novi-modeli/xc90/test-voznja, 2019-02-25
https://www.volvocars.com/hr/vozila/options, 2017-12-21
https://www.volvocars.com/hr/vozila/options/accessories, 2017-12-21
https://www.volvocars.com/hr/vozila/options/accessories-new, 2017-12-21
https://www.volvocars.com/hr/vozila/options/offers, 2017-12-21
https://www.volvocars.com/hr/vozila/polestar-engineered, 2018-12-13
https://www.volvocars.com/hr/vozila/popis-modela, 2017-12-21
https://www.volvocars.com/hr/vozila/volvo-factory-delivery-experience, 2018-12-13
https://www.volvocars.com/hr/vozila/volvo-selekt, 2017-12-21
https://www.volvocars.com/hr/why-volvo, 2019-03-14
https://www.volvocars.com/hr/why-volvo/human-innovation/future-of-driving, 2019-03-14
https://www.volvocars.com/hr/why-volvo/human-innovation/future-of-driving/connectivity, 2019-03-14
https://www.volvocars.com/hr/why-volvo/human-innovation/future-of-driving/connectivity/audio-systems, 2019-03-14
https://www.volvocars.com/hr/why-volvo/human-innovation/future-of-driving/connectivity/audio-systems/bowers-and-wilkins, 2019-03-14
https://www.volvocars.com/hr/why-volvo/human-innovation/future-of-driving/connectivity/audio-systems/harman-kardon, 2019-03-14
https://www.volvocars.com/hr/why-volvo/human-innovation/future-of-driving/connectivity/audio-systems/high-performance, 2019-03-14
https://www.volvocars.com/hr/why-volvo/human-innovation/future-of-driving/connectivity/sensus-navigation, 2019-03-14
https://www.volvocars.com/hr/why-volvo/human-innovation/future-of-driving/connectivity/volvo-on-call, 2019-03-14
https://www.volvocars.com/hr/why-volvo/human-innovation/future-of-driving/propulsion, 2019-03-14
https://www.volvocars.com/hr/why-volvo/human-innovation/future-of-driving/propulsion/combustion-engines, 2019-03-14
https://www.volvocars.com/hr/why-volvo/human-innovation/future-of-driving/propulsion/electric-cars, 2019-03-14
https://www.volvocars.com/hr/why-volvo/human-innovation/future-of-driving/propulsion/mild-hybrids, 2019-03-14
https://www.volvocars.com/hr/why-volvo/human-innovation/future-of-driving/propulsion/plug-in-hybrids, 2019-03-14
https://www.volvocars.com/hr/why-volvo/human-innovation/future-of-driving/safety, 2019-03-14
https://www.volvocars.com/hr/why-volvo/human-innovation/future-of-driving/safety/cars-safe-for-all, 2019-03-21
https://www.volvocars.com/hr/why-volvo/human-innovation/future-of-driving/safety/intellisafe-assist, 2019-03-14
https://www.volvocars.com/hr/why-volvo/human-innovation/future-of-driving/safety/intellisafe-standard, 2019-03-14
https://www.volvocars.com/hr/why-volvo/human-innovation/future-of-driving/safety/intellisafe-surround, 2019-03-14
https://www.volvocars.com/hr/why-volvo/nasa-prica, 2019-03-14
https://www.volvocars.com/hr/why-volvo/nasa-prica/to-je-volvo-cars, 2019-04-04
https://www.volvocars.com/hr/zatrazite-ponudu, 2019-04-01