Market, Number of pages
de,1034
zh-cn,868
hu,792
es,684
fi,622
fr,580
uk-ua,572
uk,560
de-ch,551
kr,549
nl-be,543
fr-be,540
lu,539
au,537
pl,533
it,507
fr-ch,487
it-ch,467
dk,445
za,443
cl,433
by,425
jp,422
ro,401
tw,395
rs,394
si,392
mx,385
us,382
pt,381
cz,380
ie,379
hr,374
en-th,371
no,368
sk,357
sg,355
br,344
gr,335
in,335
tr,323
intl,302
ba,295
at,292
en-ca,288
fr-ca,283
en-om,279
en-ae,278
ar-om,269
ar-ae,266
nl,265
pe,265
nz,263
me,262
bg,248
il,248
mk,240
ru-md,238
do,234
hk,228
en-jo,211
ph,208
ar,205
my,203
mt,200
is,198
ar-jo,198
se,194
en-qa,191
py,185
en-eg,184
ar-eg,175
ar-qa,172
ma,137
en-kw,127
et-ee,118
az,116
lv-lv,116
lt-lt,115
pr,110
ru,89
co,82
vi-vn,6
sitemap-build-at.xml,3
sitemap-build-de-ch.xml,3
sitemap-build-de.xml,3
bh,0
centralamerica,0
el-cy,0
lb,0
th,0
TOTAL, 28376